<?xml version="1.0" encoding="UTF-8" ?>
<extension type="package" method="upgrade">
	<name>PKG_IMGRESIZEGHSVS</name>
	<packagename>imgresizeghsvs</packagename>
	<author>G@HService Berlin Neukölln, Volkmar Volli Schlothauer</author>
	<creationDate>2021-07-12</creationDate>
	<copyright>(C) 2021, G@HService Berlin Neukölln, Volkmar Volli Schlothauer.</copyright>
	<license>GNU General Public License version 3 or later; see LICENSE.txt.</license>
	<authorUrl>https://ghsvs.de</authorUrl>
	<version>2022.06.25</version>
	<description>Joomla package/library. Installs PHP library intervention/image for image manipulation. Not more.</description>

	<updateservers><server type="extension" priority="1" name="PKG_IMGRESIZEGHSVS">https://raw.githubusercontent.com/GHSVS-de/upadateservers/master/lib_imgresizeghsvs-update.xml</server></updateservers>

	<changelogurl>https://raw.githubusercontent.com/GHSVS-de/upadateservers/master/lib_imgresizeghsvs-changelog.xml</changelogurl>

	<infourl>https://updates.ghsvs.de/changelog.php?file=lib_imgresizeghsvs</infourl>

	<minimumPhp>7.4.0</minimumPhp>
	<maximumPhp>8.99999.99999</maximumPhp>
	<minimumJoomla>3.9.8</minimumJoomla>
	<maximumJoomla>4.9999.9999</maximumJoomla>
	<allowDowngrades>1</allowDowngrades>

	<scriptfile>installerScript.php</scriptfile>

	<files folder="packages">
		<file type="library" id="imgresizeghsvs">lib_imgresizeghsvs-2022.06.25_2.7.2.0.zip</file>
	</files>

	<files>
		<filename>installerScript.php</filename>
		<filename>LICENSE.txt</filename>
	</files>

	<blockChildUninstall>true</blockChildUninstall>
</extension>
